{"cameraMode":{"drawMode":0,"name":"Shaded","section":"Shading Mode"},"sceneLighting":false,"audioPlay":false,"sceneViewState":{"m_AlwaysRefresh":false,"showFog":true,"showSkybox":false,"showFlares":true,"showImageEffects":true,"showParticleSystems":true,"showVisualEffectGraphs":true,"m_FxEnabled":true},"in2DMode":false,"pivot":{"x":10.983896255493164,"y":-2.8740732669830324,"z":1.3595422506332398},"rotation":{"x":0.15395475924015046,"y":0.6925868988037109,"z":-0.15508438646793366,"w":0.6880354881286621},"size":9.511362075805664,"orthographic":false}